City_ID,City,Country,Date,Lat,Lng,Max Temp,Humidity,Cloudiness,Wind Speed
0,Tuatapere,NZ,2022-09-30 18:21:47,-46.1333,167.6833,33.08,91,12,4.23
1,Pangnirtung,CA,2022-09-30 18:21:47,66.1451,-65.7125,36.84,49,100,3.4
2,Hithadhoo,MV,2022-09-30 18:21:48,-0.6,73.0833,81.79,72,83,8.86
3,Saint-Philippe,RE,2022-09-30 18:21:48,-21.3585,55.7679,67.59,83,39,10.98
4,Punta Arenas,CL,2022-09-30 18:21:48,-53.15,-70.9167,50.11,43,0,35.68
5,Albany,US,2022-09-30 18:15:09,42.6001,-73.9662,60.58,62,100,1.01
6,Athabasca,CA,2022-09-30 18:21:49,54.7169,-113.2854,59.41,55,99,6.51
7,Port Elizabeth,ZA,2022-09-30 18:21:46,-33.918,25.5701,64.69,94,20,9.22
8,Namie,JP,2022-09-30 18:21:50,37.4833,141.0,57.97,96,0,5.14
9,Bredasdorp,ZA,2022-09-30 18:21:50,-34.5322,20.0403,54.36,88,81,5.95
10,Kathu,TH,2022-09-30 18:21:52,7.9178,98.3332,82.74,85,93,18.01
11,Khatanga,RU,2022-09-30 18:21:52,71.9667,102.5,28.76,95,100,11.5
12,Llangefni,GB,2022-09-30 18:21:53,53.2556,-4.3106,60.66,82,20,10.36
13,Rawson,AR,2022-09-30 18:16:53,-43.3002,-65.1023,62.64,49,97,8.86
14,Barrow,US,2022-09-30 18:21:53,71.2906,-156.7887,30.22,86,100,12.66
15,Codrington,AU,2022-09-30 18:21:54,-38.2667,141.9667,43.14,96,54,7.0
16,Harer,ET,2022-09-30 18:21:54,9.3094,42.1258,63.1,72,85,2.57
17,Hobart,AU,2022-09-30 18:21:55,-42.8794,147.3294,40.05,90,1,9.22
18,Tiksi,RU,2022-09-30 18:21:55,71.6872,128.8694,13.86,95,73,7.05
19,Mineiros,BR,2022-09-30 18:21:55,-17.5694,-52.5511,83.79,41,33,7.11
20,Lebu,CL,2022-09-30 18:21:56,-37.6167,-73.65,56.82,76,100,13.51
21,Alofi,NU,2022-09-30 18:21:56,-19.0595,-169.9187,64.29,94,79,4.61
22,Avarua,CK,2022-09-30 18:21:57,-21.2078,-159.775,73.45,68,75,9.22
23,Gitarama,RW,2022-09-30 18:21:58,-2.0744,29.7567,67.46,68,90,3.33
24,Grindavik,IS,2022-09-30 18:17:48,63.8424,-22.4338,51.75,87,75,18.41
25,Nyagan,RU,2022-09-30 18:21:58,62.1406,65.3936,27.23,74,41,4.79
26,Hamilton,US,2022-09-30 18:21:22,39.1834,-84.5333,71.4,49,0,11.5
27,Atuona,PF,2022-09-30 18:21:59,-9.8,-139.0333,76.71,69,51,17.9
28,Lamar,US,2022-09-30 18:19:47,33.6668,-95.5836,80.98,29,0,9.22
29,Tambura,SS,2022-09-30 18:22:00,5.6,27.4667,70.07,88,65,1.83
30,Vaini,TO,2022-09-30 18:22:01,-21.2,-175.2,71.76,83,20,8.05
31,Esperance,AU,2022-09-30 18:22:01,-33.8667,121.9,50.09,86,20,10.33
32,Busselton,AU,2022-09-30 18:22:02,-33.65,115.3333,54.01,79,6,9.08
33,Bengkulu,ID,2022-09-30 18:22:02,-3.8004,102.2655,75.74,92,52,3.24
34,Cherskiy,RU,2022-09-30 18:22:03,68.75,161.3,28.33,77,100,2.95
35,Springbok,ZA,2022-09-30 18:22:03,-29.6643,17.8865,55.26,46,53,4.27
36,Hilo,US,2022-09-30 18:19:30,19.7297,-155.09,81.28,80,0,3.44
37,Tibiri,NE,2022-09-30 18:17:18,13.5627,7.0485,84.54,61,0,4.61
38,Kapaa,US,2022-09-30 18:22:04,22.0752,-159.319,80.58,88,100,4.61
39,Asau,RO,2022-09-30 18:22:05,46.4333,26.4,65.32,70,32,5.66
40,Rikitea,PF,2022-09-30 18:22:05,-23.1203,-134.9692,73.53,78,88,15.7
41,Baruun-Urt,MN,2022-09-30 18:23:06,46.6806,113.2792,44.53,59,76,7.27
42,Bethel,US,2022-09-30 18:22:29,41.3712,-73.414,63.01,65,40,6.91
43,Ternate,ID,2022-09-30 18:23:07,0.8,127.4,80.37,78,59,2.86
44,New Norfolk,AU,2022-09-30 18:23:07,-42.7826,147.0587,39.7,72,2,3.04
45,Ushuaia,AR,2022-09-30 18:23:08,-54.8,-68.3,47.86,40,0,16.11
46,Norman Wells,CA,2022-09-30 18:23:08,65.282,-126.8329,46.44,81,75,6.91
47,Mataura,NZ,2022-09-30 18:23:09,-46.1927,168.8643,30.13,98,7,2.26
48,Carmarthen,GB,2022-09-30 18:23:09,51.8555,-4.3054,60.73,94,40,17.27
49,Kaitangata,NZ,2022-09-30 18:23:10,-46.2817,169.8464,33.39,94,11,4.07
50,Fortuna,US,2022-09-30 18:23:10,40.5982,-124.1573,71.92,67,0,1.99
51,Ornskoldsvik,SE,2022-09-30 18:23:11,63.2909,18.7153,38.35,100,40,1.14
52,Menongue,AO,2022-09-30 18:23:11,-14.6585,17.691,78.73,28,86,2.01
53,Castro,BR,2022-09-30 18:22:52,-24.7911,-50.0119,57.4,88,100,7.38
54,Puerto Escondido,MX,2022-09-30 18:23:12,15.85,-97.0667,86.83,54,40,9.22
55,Chuy,UY,2022-09-30 18:23:12,-33.6971,-53.4616,60.17,69,98,6.46
56,Tuktoyaktuk,CA,2022-09-30 18:23:13,69.4541,-133.0374,30.2,100,100,14.97
57,Kavieng,PG,2022-09-30 18:23:13,-2.5744,150.7967,80.65,75,62,6.96
58,Parry Sound,CA,2022-09-30 18:23:14,45.3501,-80.033,60.85,59,7,6.38
59,Saskylakh,RU,2022-09-30 18:23:14,71.9167,114.0833,25.48,90,92,4.63
60,Airai,TL,2022-09-30 18:23:15,-8.9266,125.4092,62.04,92,100,0.43
61,Tingo Maria,PE,2022-09-30 18:23:15,-9.2895,-76.0088,73.71,83,100,5.75
62,Butaritari,KI,2022-09-30 18:23:16,3.0707,172.7902,80.92,78,86,15.88
63,Santa Isabel Do Rio Negro,BR,2022-09-30 18:23:16,-0.4139,-65.0192,98.65,30,78,5.84
64,Ibadan,NG,2022-09-30 18:19:39,7.3878,3.8964,72.81,96,99,3.27
65,Klaksvik,FO,2022-09-30 18:23:17,62.2266,-6.589,50.92,88,100,36.55
66,Muisne,EC,2022-09-30 18:23:17,0.6,-80.0333,76.84,76,99,12.84
67,Namibe,AO,2022-09-30 18:23:18,-15.1961,12.1522,65.84,90,56,7.54
68,Torbay,CA,2022-09-30 18:23:19,47.6666,-52.7314,60.89,71,40,6.91
69,Atambua,ID,2022-09-30 18:23:19,-9.1061,124.8925,74.84,81,100,2.66
70,Buta,CD,2022-09-30 18:23:20,2.7858,24.73,71.55,95,78,4.38
71,Belaya Gora,RU,2022-09-30 18:23:20,68.5333,146.4167,23.2,79,100,5.06
72,Cabo San Lucas,MX,2022-09-30 18:23:21,22.8909,-109.9124,94.3,62,0,9.22
73,Henties Bay,NA,2022-09-30 18:23:21,-22.116,14.2845,55.99,89,5,6.17
74,Kortkeros,RU,2022-09-30 18:23:21,61.8106,51.5806,37.4,86,100,7.65
75,Pirenopolis,BR,2022-09-30 18:23:22,-15.8525,-48.9592,88.29,31,75,2.98
76,George,ZA,2022-09-30 18:23:22,-33.963,22.4617,60.35,82,75,11.5
77,Iqaluit,CA,2022-09-30 18:23:23,63.7506,-68.5145,35.33,87,100,9.22
78,Delijan,IR,2022-09-30 18:23:24,33.9905,50.6838,78.46,11,0,3.83
79,Saint George,US,2022-09-30 18:22:54,37.1041,-113.5841,85.42,36,0,3.0
80,Verkhnyaya Inta,RU,2022-09-30 18:23:24,65.9811,60.3094,29.91,64,98,6.58
81,Zella-Mehlis,DE,2022-09-30 18:23:25,50.65,10.65,48.72,77,34,4.45
82,Teahupoo,PF,2022-09-30 18:23:25,-17.8333,-149.2667,75.16,74,11,15.1
83,Quatre Cocos,MU,2022-09-30 18:23:25,-20.2078,57.7625,69.91,74,8,11.43
84,Aksu,CN,2022-09-30 18:23:26,41.1231,80.2644,68.23,26,98,7.99
85,Faya,SA,2022-09-30 18:23:26,18.3851,42.4509,64.51,51,6,4.52
86,Benesat,RO,2022-09-30 18:23:27,47.4167,23.3,60.78,87,63,2.89
87,Kingisepp,RU,2022-09-30 18:23:27,59.3733,28.6134,47.07,83,90,5.35
88,Bilibino,RU,2022-09-30 18:24:28,68.0546,166.4372,24.93,91,100,2.06
89,Ribeira Grande,PT,2022-09-30 18:24:28,38.5167,-28.7,73.8,56,40,8.05
90,Melfort,CA,2022-09-30 18:24:29,52.8667,-104.6177,51.93,87,100,12.66
91,Bluff,NZ,2022-09-30 18:24:29,-46.6,168.3333,37.92,83,7,6.13
92,Axim,GH,2022-09-30 18:24:29,4.8699,-2.2405,76.75,86,37,8.12
93,Skibbereen,IE,2022-09-30 18:24:30,51.55,-9.2667,58.51,83,88,22.44
94,Dikson,RU,2022-09-30 18:24:30,73.5069,80.5464,35.53,84,100,17.6
95,Penzance,GB,2022-09-30 18:24:31,50.1186,-5.5371,61.48,91,100,27.07
96,Nome,US,2022-09-30 18:24:31,64.5011,-165.4064,32.07,81,0,3.44
97,Barabai,ID,2022-09-30 18:24:32,-2.5833,115.3833,73.98,96,96,1.12
98,Cape Town,ZA,2022-09-30 18:21:15,-33.9258,18.4232,61.21,73,20,8.05
99,Yanam,IN,2022-09-30 18:24:33,16.7333,82.2167,76.6,90,100,2.66
100,Suntar,RU,2022-09-30 18:24:34,62.1444,117.6319,24.35,85,97,0.58
101,Mandera,KE,2022-09-30 18:24:34,3.9366,41.867,87.35,35,53,7.99
102,Batagay-Alyta,RU,2022-09-30 18:24:35,67.8006,130.4114,17.78,94,100,3.4
103,Nikolskoye,RU,2022-09-30 18:24:35,59.7035,30.7861,46.8,96,81,5.93
104,Paracuru,BR,2022-09-30 18:24:36,-3.41,-39.0306,80.11,60,52,16.71
105,Krabi,TH,2022-09-30 18:24:37,8.0726,98.9105,80.06,99,75,11.5
106,Roblin,CA,2022-09-30 18:24:37,51.23,-101.3565,62.17,55,89,15.32
107,Doka,SD,2022-09-30 18:24:38,13.5167,35.7667,73.33,83,81,6.46
108,Tiznit,MA,2022-09-30 18:24:38,29.5833,-9.5,67.41,69,12,8.34
109,Saldanha,ZA,2022-09-30 18:24:39,-33.0117,17.9442,59.05,85,47,9.66
110,Staraya Toropa,RU,2022-09-30 18:24:39,56.2801,31.6702,45.27,87,96,2.68
111,Beidao,CN,2022-09-30 18:24:40,34.5686,105.8933,63.41,75,100,4.56
112,Souillac,MU,2022-09-30 18:24:40,-20.5167,57.5167,70.18,78,40,4.61
113,Hofn,IS,2022-09-30 18:24:40,64.2539,-15.2082,51.82,71,100,10.36
114,Horki,BY,2022-09-30 18:24:41,54.2861,30.9842,48.87,89,86,2.77
115,Montepuez,MZ,2022-09-30 18:24:41,-13.1256,38.9997,72.3,54,10,9.93
116,Tessalit,ML,2022-09-30 18:24:42,20.1986,1.0114,100.58,13,48,7.87
117,Tasiilaq,GL,2022-09-30 18:24:42,65.6145,-37.6368,42.96,75,100,4.79
118,Sao Filipe,CV,2022-09-30 18:24:43,14.8961,-24.4956,79.81,86,50,6.89
119,Azangaro,PE,2022-09-30 18:24:43,-14.9167,-70.2167,63.19,12,64,2.3
120,Yellowknife,CA,2022-09-30 18:24:44,62.456,-114.3525,50.56,76,20,24.16
121,Cidreira,BR,2022-09-30 18:24:44,-30.1811,-50.2056,64.02,75,99,17.6
122,Jamestown,US,2022-09-30 18:23:24,42.097,-79.2353,61.02,51,0,4.61
123,Arraial Do Cabo,BR,2022-09-30 18:20:11,-22.9661,-42.0278,71.56,64,75,11.5
124,Ryotsu,JP,2022-09-30 18:24:45,38.0833,138.4333,69.26,78,0,1.68
125,Yar-Sale,RU,2022-09-30 18:24:46,66.8333,70.8333,29.91,78,40,9.86
126,Faanui,PF,2022-09-30 18:24:46,-16.4833,-151.75,77.47,72,0,11.01
127,Lorengau,PG,2022-09-30 18:24:47,-2.0226,147.2712,80.89,74,99,5.37
128,Vostochnyy,RU,2022-09-30 18:24:47,55.8167,37.8667,57.18,97,94,5.7
129,Thompson,CA,2022-09-30 18:24:48,55.7435,-97.8558,41.16,56,75,4.61
130,Mar Del Plata,AR,2022-09-30 18:24:48,-38.0023,-57.5575,62.62,74,20,13.8
131,Ixtapa,MX,2022-09-30 18:22:25,20.7,-105.2,89.22,62,0,5.01
132,Turka,UA,2022-09-30 18:25:49,49.1541,23.0297,53.15,95,89,6.17
133,East London,ZA,2022-09-30 18:25:50,-33.0153,27.9116,67.14,88,0,10.36
134,Touros,BR,2022-09-30 18:25:51,-5.1989,-35.4608,83.17,56,75,18.05
135,Qaanaaq,GL,2022-09-30 18:25:52,77.484,-69.3632,18.93,71,92,11.03
136,Kalmunai,LK,2022-09-30 18:25:52,7.4167,81.8167,81.1,68,89,5.84
137,Balabac,PH,2022-09-30 18:25:52,7.9868,117.0645,80.37,83,93,7.63
138,Damaturu,NG,2022-09-30 18:25:53,11.747,11.9608,86.27,51,82,6.93
139,Jumla,NP,2022-09-30 18:25:53,29.2747,82.1838,53.04,90,33,2.91
140,Havre-Saint-Pierre,CA,2022-09-30 18:25:54,50.2334,-63.5986,53.96,71,0,19.57
141,Mahebourg,MU,2022-09-30 18:25:55,-20.4081,57.7,70.09,78,40,4.61
142,Clyde River,CA,2022-09-30 18:25:55,70.4692,-68.5914,30.43,80,100,20.71
143,Puerto Ayora,EC,2022-09-30 18:25:55,-0.7393,-90.3518,75.16,94,96,7.0
144,Soyo,AO,2022-09-30 18:25:56,-6.1349,12.3689,75.58,87,70,9.66
145,Dunedin,NZ,2022-09-30 18:25:57,-45.8742,170.5036,39.79,79,4,4.45
146,Hoa Binh,VN,2022-09-30 18:25:57,20.8133,105.3383,75.79,95,100,1.39
147,Abbeville,FR,2022-09-30 18:25:57,50.1,1.8333,58.96,62,97,16.67
148,Kano,NG,2022-09-30 18:25:58,12.0001,8.5167,84.6,49,97,6.71
149,Bubaque,GW,2022-09-30 18:25:58,11.2833,-15.8333,79.54,80,100,12.44
150,Lagos,NG,2022-09-30 18:21:59,6.5833,3.75,77.32,94,100,3.51
151,Lazaro Cardenas,MX,2022-09-30 18:25:17,17.9583,-102.2,85.39,68,53,2.82
152,Barbalha,BR,2022-09-30 18:25:59,-7.3111,-39.3042,94.8,20,40,4.61
153,Macon,US,2022-09-30 18:23:24,39.8667,-88.9668,67.75,52,0,12.66
154,Port Hardy,CA,2022-09-30 18:26:00,50.6996,-127.4199,53.78,100,75,3.44
155,Vilyuysk,RU,2022-09-30 18:26:01,63.7553,121.6247,22.24,87,54,3.91
156,Buraydah,SA,2022-09-30 18:26:01,26.326,43.975,82.85,13,0,9.01
157,Zurrieq,MT,2022-09-30 18:26:01,35.8311,14.4742,76.96,94,20,23.02
158,Ilulissat,GL,2022-09-30 18:26:02,69.2167,-51.1,35.62,80,75,2.3
159,Pyshma,RU,2022-09-30 18:26:02,56.9523,63.2513,25.3,89,4,6.44
160,Bardiyah,LY,2022-09-30 18:26:03,31.7561,25.0865,82.29,65,0,7.56
161,Nyandoma,RU,2022-09-30 18:26:03,61.669,40.1991,45.61,99,100,5.23
162,Kruisfontein,ZA,2022-09-30 18:26:04,-34.0033,24.7314,61.72,88,100,18.28
163,Sola,VU,2022-09-30 18:26:04,-13.8833,167.55,80.2,67,82,5.28
164,Hermanus,ZA,2022-09-30 18:26:04,-34.4187,19.2345,57.79,84,66,10.4
165,Jiangyou,CN,2022-09-30 18:26:05,31.7667,104.7167,66.51,95,96,1.01
166,Ahipara,NZ,2022-09-30 18:26:05,-35.1667,173.1667,61.66,92,100,13.35
167,Upernavik,GL,2022-09-30 18:26:06,72.7868,-56.1549,22.21,78,61,5.21
168,Provideniya,RU,2022-09-30 18:21:47,64.3833,-173.3,34.97,71,58,12.35
169,Roebourne,AU,2022-09-30 18:26:07,-20.7833,117.1333,70.56,75,0,7.96
170,Lakselv,NO,2022-09-30 18:26:07,70.0513,24.9718,37.22,81,0,11.5
171,Turbat,PK,2022-09-30 18:26:08,26.0023,63.044,80.74,65,0,10.2
172,Kapra,IN,2022-09-30 18:26:09,17.4846,78.561,75.9,93,100,5.32
173,Umm Lajj,SA,2022-09-30 18:26:09,25.0213,37.2685,87.3,49,0,5.35
174,Abong Mbang,CM,2022-09-30 18:26:10,3.9833,13.1833,69.24,95,69,1.7
175,Kysyl-Syr,RU,2022-09-30 18:26:10,63.8986,122.7617,21.87,89,36,4.09
176,Husavik,IS,2022-09-30 18:26:10,66.0449,-17.3389,44.15,98,100,13.47
177,Ponta Do Sol,PT,2022-09-30 18:26:11,32.6667,-17.1,73.71,84,88,4.65
178,Lubao,PH,2022-09-30 18:26:12,14.9167,120.55,82.11,89,47,4.27
179,Aasiaat,GL,2022-09-30 18:27:12,68.7098,-52.8699,32.52,98,100,7.58
180,Cedar City,US,2022-09-30 18:22:37,37.6775,-113.0619,69.4,52,100,6.91
181,Kimbe,PG,2022-09-30 18:27:13,-5.5502,150.1429,73.83,90,10,4.29
182,Kapchorwa,UG,2022-09-30 18:27:13,1.3965,34.4509,60.19,75,87,3.36
183,Kavaratti,IN,2022-09-30 18:27:14,10.5669,72.642,81.3,77,96,11.9
184,Nautla,MX,2022-09-30 18:27:14,20.2167,-96.7833,81.79,58,15,12.93
185,Cubara,CO,2022-09-30 18:27:14,7.0008,-72.1085,84.99,64,88,2.8
186,Skibotn,NO,2022-09-30 18:27:15,69.3913,20.2679,38.57,70,33,9.75
187,Sorgun,TR,2022-09-30 18:27:15,39.8101,35.186,66.22,41,3,2.33
188,Pevek,RU,2022-09-30 18:27:17,69.7008,170.3133,29.14,80,100,5.84
189,Pitkyaranta,RU,2022-09-30 18:27:18,61.5734,31.4792,47.25,88,100,10.87
190,Pisco,PE,2022-09-30 18:25:00,-13.7,-76.2167,66.25,68,0,10.36
191,Jalu,LY,2022-09-30 18:27:18,29.0331,21.5482,94.66,17,0,10.78
192,Oktyabrskiy,RU,2022-09-30 18:27:19,54.4815,53.471,42.8,86,100,6.85
193,Guerrero Negro,MX,2022-09-30 18:27:19,27.9769,-114.0611,76.33,67,2,10.87
194,Sambava,MG,2022-09-30 18:27:20,-14.2667,50.1667,69.21,79,2,11.56
195,Oistins,BB,2022-09-30 18:24:44,13.0667,-59.5333,86.09,79,40,13.8
196,Izazi,TZ,2022-09-30 18:27:20,-7.2,35.7333,79.86,40,88,7.96
197,Westport,US,2022-09-30 18:27:21,41.1415,-73.3579,65.08,62,0,6.91
198,Acari,PE,2022-09-30 18:27:21,-15.4311,-74.6158,75.54,44,100,10.51
199,Balatonlelle,HU,2022-09-30 18:27:22,46.7832,17.695,57.29,83,94,4.74
200,Nanortalik,GL,2022-09-30 18:27:22,60.1432,-45.2371,39.11,77,38,9.08
201,Moose Factory,CA,2022-09-30 18:27:23,51.2585,-80.6094,46.4,81,100,9.22
202,Vao,NC,2022-09-30 18:27:23,-22.6667,167.4833,71.26,82,86,15.86
203,Rincon,US,2022-09-30 18:27:23,32.296,-81.2354,66.16,72,100,14.97
204,Katsuura,JP,2022-09-30 18:27:24,35.1333,140.3,72.1,84,47,12.24
205,Hami,CN,2022-09-30 18:27:24,42.8,93.45,60.35,35,100,8.99
206,Victoria,HK,2022-09-30 18:25:44,22.2855,114.1577,80.65,90,99,5.01
207,High Prairie,CA,2022-09-30 18:27:25,55.4334,-116.4858,66.76,48,71,11.25
208,Tura,IN,2022-09-30 18:27:26,25.5198,90.2201,75.6,88,100,3.06
209,Ketchikan,US,2022-09-30 18:27:26,55.3422,-131.6461,55.87,100,100,11.5
210,Ridgecrest,US,2022-09-30 18:26:25,35.6225,-117.6709,85.01,17,0,3.44
211,Comodoro Rivadavia,AR,2022-09-30 18:27:27,-45.8667,-67.5,62.46,34,0,13.8
212,Tashtagol,RU,2022-09-30 18:27:27,52.7657,87.8894,28.2,94,100,4.16
213,Almaznyy,RU,2022-09-30 18:27:29,48.0448,40.045,64.11,60,17,4.32
214,Sao Joao Da Barra,BR,2022-09-30 18:27:07,-21.6403,-41.0511,73.49,69,95,9.75
215,Arlit,NE,2022-09-30 18:27:30,18.7369,7.3853,92.52,28,49,23.62
216,Unguia,CO,2022-09-30 18:27:30,8.0434,-77.0945,87.82,63,98,3.8
217,Batticaloa,LK,2022-09-30 18:27:31,7.7102,81.6924,80.78,68,92,8.39
218,Pangobilian,PH,2022-09-30 18:27:31,8.8011,117.8594,79.75,86,93,6.02
219,Aklavik,CA,2022-09-30 18:27:32,68.2191,-135.0107,31.51,93,84,7.2
220,Bonavista,CA,2022-09-30 18:27:32,48.6499,-53.1147,54.86,67,22,4.79
221,Rorvik,NO,2022-09-30 18:27:33,64.8621,11.2373,50.11,62,0,8.05
222,Port Alfred,ZA,2022-09-30 18:27:33,-33.5906,26.891,67.17,92,100,5.01
223,Ginda,IN,2022-09-30 18:27:34,30.6945,78.4932,57.63,81,5,6.4
224,San Patricio,US,2022-09-30 18:28:35,28.017,-97.5169,89.55,41,0,5.91
225,Camocim,BR,2022-09-30 18:28:35,-2.9022,-40.8411,87.73,57,27,19.93
226,Cavaillon,FR,2022-09-30 18:28:36,43.8312,5.0359,59.99,67,0,18.41
227,Marawi,PH,2022-09-30 18:28:42,7.9986,124.2928,68.95,95,80,1.72
228,Karonga,MW,2022-09-30 18:28:44,-9.9333,33.9333,76.1,63,76,2.21
229,Fuling,CN,2022-09-30 18:28:44,29.7022,107.3919,75.81,77,23,3.31
230,Tuzha,RU,2022-09-30 18:28:44,57.6062,47.936,46.45,92,100,9.26
231,Wajir,KE,2022-09-30 18:28:45,1.7471,40.0573,87.12,32,100,7.38
232,Cayenne,GF,2022-09-30 18:28:45,4.9333,-52.3333,91.44,52,20,13.8
233,Ambilobe,MG,2022-09-30 18:28:46,-13.2,49.05,70.23,71,32,3.18
234,Narsaq,GL,2022-09-30 18:28:46,60.9167,-46.05,41.22,70,93,2.93
235,Saint Anthony,US,2022-09-30 18:28:47,45.0205,-93.218,72.79,43,0,11.5
236,Young,UY,2022-09-30 18:28:47,-32.6833,-57.6333,69.03,47,40,6.55
237,Rocha,UY,2022-09-30 18:28:48,-34.4833,-54.3333,62.82,62,98,8.14
238,Ranfurly,NZ,2022-09-30 18:28:48,-45.1333,170.1,28.11,96,9,0.58
239,Georgetown,MY,2022-09-30 18:24:02,5.4112,100.3354,81.95,90,40,8.05
240,Ostrovnoy,RU,2022-09-30 18:28:49,68.0531,39.5131,35.22,93,100,9.35
241,Sorong,ID,2022-09-30 18:28:49,-0.8833,131.25,77.76,87,91,2.24
242,Grand-Lahou,CI,2022-09-30 18:28:50,5.1367,-5.0242,77.0,88,36,9.48
243,Vila Franca Do Campo,PT,2022-09-30 18:28:50,37.7167,-25.4333,74.19,78,69,2.62
244,Severo-Kurilsk,RU,2022-09-30 18:28:50,50.6789,156.125,50.85,94,99,14.63
245,Haradok,BY,2022-09-30 18:28:51,55.4624,29.9816,44.71,82,85,0.92
246,Lensk,RU,2022-09-30 18:28:51,60.7253,114.9278,25.29,84,50,3.65
247,Umea,SE,2022-09-30 18:28:52,63.8284,20.2597,41.92,93,100,2.3
248,Kodiak,US,2022-09-30 18:28:52,57.79,-152.4072,38.71,87,0,4.61
249,Muzaffarabad,PK,2022-09-30 18:28:52,34.37,73.4711,69.17,75,1,4.56
250,Gland,CH,2022-09-30 18:28:53,46.4208,6.2701,55.38,84,63,3.76
251,Kirkwall,GB,2022-09-30 18:28:53,58.9848,-2.9587,51.85,82,40,14.97
252,Limon,CR,2022-09-30 18:28:54,10.0,-83.0333,88.05,70,0,11.5
253,Tilichiki,RU,2022-09-30 18:28:54,60.4667,166.1,33.71,99,100,6.8
254,Broome,US,2022-09-30 18:27:16,42.2506,-75.833,60.46,63,0,1.99
255,Te Anau,NZ,2022-09-30 18:28:55,-45.4167,167.7167,31.51,96,25,1.3
256,Honningsvag,NO,2022-09-30 18:28:55,70.9821,25.9704,42.55,65,75,6.91
257,Jalingo,NG,2022-09-30 18:28:56,8.8833,11.3667,76.48,85,73,1.3
258,Coihaique,CL,2022-09-30 18:24:28,-45.5752,-72.0662,57.15,35,20,8.05
259,Vieste,IT,2022-09-30 18:28:56,41.8825,16.175,73.06,77,99,16.55
260,Sergeyevka,KZ,2022-09-30 18:28:57,53.88,67.4158,29.91,60,4,5.48
261,Aulum,DK,2022-09-30 18:28:57,56.2649,8.787,51.91,91,45,9.42
262,Arrifes,PT,2022-09-30 18:28:58,37.7667,-25.7,72.23,88,75,3.44
263,Adrar,MR,2022-09-30 18:28:58,20.5022,-10.0711,89.02,20,0,15.03
264,Takoradi,GH,2022-09-30 18:28:58,4.8845,-1.7554,77.32,84,46,10.2
265,Marrakesh,MA,2022-09-30 18:28:34,31.6315,-8.0083,75.27,46,40,11.5
266,Abha,SA,2022-09-30 18:28:59,18.2164,42.5053,64.22,77,0,4.61
267,Chicama,PE,2022-09-30 18:28:33,-7.8447,-79.1469,59.54,59,74,11.32
268,Lasa,IT,2022-09-30 18:28:59,46.6166,10.7002,54.48,98,100,2.71
269,Susanville,US,2022-09-30 18:29:00,40.4163,-120.653,68.67,41,0,8.01
270,Mayo,US,2022-09-30 18:30:00,38.8876,-76.5119,63.03,79,75,8.05
271,Champerico,GT,2022-09-30 18:30:01,14.3,-91.9167,90.14,72,44,5.41
272,Rovaniemi,FI,2022-09-30 18:30:01,66.5,25.7167,36.81,93,100,2.3
273,Slave Lake,CA,2022-09-30 18:30:02,55.2834,-114.769,62.58,72,40,8.05
274,Tupik,RU,2022-09-30 18:30:02,54.4253,119.9327,31.23,88,100,4.59
275,Paamiut,GL,2022-09-30 18:30:02,61.994,-49.6678,35.89,82,100,10.18
276,Skegness,GB,2022-09-30 18:30:06,53.1436,0.3363,54.34,88,100,28.97
277,Koszalin,PL,2022-09-30 18:30:07,54.1944,16.1722,56.68,57,91,6.64
278,San Cristobal,VE,2022-09-30 18:30:08,7.7669,-72.225,75.38,48,74,4.99
279,Flin Flon,CA,2022-09-30 18:30:08,54.7682,-101.865,46.24,76,100,8.05
280,Plouzane,FR,2022-09-30 18:25:55,48.3833,-4.6167,59.32,100,100,24.16
281,Nemuro,JP,2022-09-30 18:30:09,43.3236,145.575,63.61,92,0,14.54
282,Butterworth,MY,2022-09-30 18:30:10,5.3991,100.3638,77.05,90,40,8.05
283,Tamandare,BR,2022-09-30 18:28:14,-8.7597,-35.1047,80.11,65,93,11.12
284,Talnakh,RU,2022-09-30 18:30:10,69.4865,88.3972,31.21,97,100,5.88
285,Keetmanshoop,NA,2022-09-30 18:30:11,-26.5833,18.1333,72.97,8,51,10.65
286,Uyuni,BO,2022-09-30 18:30:11,-20.4597,-66.825,56.48,9,0,14.32
287,Leningradskiy,RU,2022-09-30 18:29:19,69.3833,178.4167,24.13,80,100,9.24
288,Pathein,MM,2022-09-30 18:30:12,16.7833,94.7333,76.08,93,98,3.27
289,Campos Belos,BR,2022-09-30 18:30:14,-13.0367,-46.7717,96.67,17,79,6.58
290,Sitka,US,2022-09-30 18:30:14,57.0531,-135.33,55.29,88,100,0.0
291,Tacuarembo,UY,2022-09-30 18:30:15,-31.7333,-55.9833,61.88,73,88,10.78
292,Vicksburg,US,2022-09-30 18:30:15,32.3526,-90.8779,78.48,31,0,16.11
293,Esso,RU,2022-09-30 18:30:16,55.9333,158.7,30.79,97,96,2.93
294,Klyavlino,RU,2022-09-30 18:30:16,54.2649,52.0267,44.92,81,100,8.46
295,Liverpool,GB,2022-09-30 18:30:17,53.4106,-2.9779,58.95,89,40,11.5
296,Senhor Do Bonfim,BR,2022-09-30 18:30:17,-10.4614,-40.1894,89.17,19,99,12.59
297,The Valley,AI,2022-09-30 18:30:17,18.217,-63.0578,85.1,94,20,9.22
298,Fuyu,CN,2022-09-30 18:30:18,45.1833,124.8167,45.39,81,15,9.71
299,Namanga,KE,2022-09-30 18:30:18,-2.5433,36.7905,70.2,57,100,8.34
300,Khowai,IN,2022-09-30 18:30:19,24.1,91.6333,78.66,90,97,1.66
301,Hobyo,SO,2022-09-30 18:30:20,5.3505,48.5268,76.91,85,0,21.0
302,Sioux Lookout,CA,2022-09-30 18:25:54,50.1001,-91.917,62.67,59,75,0.0
303,Huallanca,PE,2022-09-30 18:30:21,-9.8993,-76.9417,52.81,67,100,4.52
304,Lardos,GR,2022-09-30 18:30:21,36.0942,28.0157,78.62,78,0,3.58
305,Hambantota,LK,2022-09-30 18:30:21,6.1241,81.1185,77.34,100,40,10.36
306,Paso De Carrasco,UY,2022-09-30 18:30:22,-34.8603,-56.0522,63.05,63,0,11.5
307,Tuy Hoa,VN,2022-09-30 18:30:22,13.0833,109.3,76.35,94,100,5.1
308,Mogadishu,SO,2022-09-30 18:30:23,2.0371,45.3438,77.88,79,3,12.84
309,Krasne,UA,2022-09-30 18:30:23,49.9145,24.6134,56.21,92,45,9.35
310,Bathsheba,BB,2022-09-30 18:30:24,13.2167,-59.5167,86.61,79,40,13.8
311,Mucuri,BR,2022-09-30 18:30:24,-18.0864,-39.5508,74.37,78,79,16.55
312,Pacific Grove,US,2022-09-30 18:28:28,36.6177,-121.9166,77.38,87,20,5.75
313,Mecca,SA,2022-09-30 18:28:48,21.4267,39.8261,85.75,53,0,2.39
314,Srednekolymsk,RU,2022-09-30 18:31:25,67.45,153.6833,28.18,85,100,11.68
315,San Vicente,AR,2022-09-30 18:31:27,-26.6167,-54.1333,58.69,99,100,0.36
316,Buchanan,LR,2022-09-30 18:31:27,5.8808,-10.0467,77.38,84,100,8.03
317,Goderich,CA,2022-09-30 18:31:28,43.7501,-81.7165,61.12,59,0,8.05
318,Huayucachi,PE,2022-09-30 18:31:28,-12.1333,-75.2333,55.83,62,100,8.79
319,Alekseyevsk,RU,2022-09-30 18:31:29,57.8406,108.3492,27.91,94,100,7.18
320,Padang,ID,2022-09-30 18:28:42,-0.9492,100.3543,76.3,96,100,2.46
321,Edson,CA,2022-09-30 18:30:51,53.5835,-116.4356,59.14,77,0,3.44
322,Novaya Igirma,RU,2022-09-30 18:31:30,57.1334,103.9112,28.22,97,100,6.55
323,Hamirpur,IN,2022-09-30 18:31:30,25.95,80.15,81.09,60,0,1.74
324,Thunder Bay,CA,2022-09-30 18:30:55,48.4001,-89.3168,64.38,48,75,2.3
325,Arawa,PG,2022-09-30 18:31:31,-6.2132,155.5367,75.36,92,3,3.71
326,Trairi,BR,2022-09-30 18:27:48,-3.2778,-39.2689,84.33,58,46,15.55
327,Tay Ninh,VN,2022-09-30 18:30:41,11.3,106.1,77.13,91,100,5.12
328,Predivinsk,RU,2022-09-30 18:31:32,57.0669,93.4378,31.95,95,100,6.73
329,Mariinsk,RU,2022-09-30 18:31:33,56.2139,87.7472,28.08,87,100,4.99
330,Kattivakkam,IN,2022-09-30 18:31:33,13.2167,80.3167,86.09,80,100,9.01
331,Lavrentiya,RU,2022-09-30 18:31:34,65.5833,-171.0,35.64,68,99,12.01
332,Fairbanks,US,2022-09-30 18:27:45,64.8378,-147.7164,44.82,86,75,4.61
333,Naryan-Mar,RU,2022-09-30 18:31:34,67.6713,53.087,34.16,81,100,15.75
334,Flores,GT,2022-09-30 18:31:35,16.9226,-89.8994,82.78,58,100,5.26
335,Lompoc,US,2022-09-30 18:27:27,34.6391,-120.4579,71.69,94,100,0.0
336,Coquimbo,CL,2022-09-30 18:31:35,-29.9533,-71.3436,56.93,82,75,11.5
337,Kassala,SD,2022-09-30 18:31:36,15.451,36.4,86.11,45,20,11.16
338,Solnechnyy,RU,2022-09-30 18:31:36,50.7214,136.6319,40.35,93,100,7.56
339,Acajutla,SV,2022-09-30 18:31:37,13.5928,-89.8275,83.43,74,66,7.99
340,Robertsport,LR,2022-09-30 18:31:37,6.7533,-11.3686,78.13,84,100,5.84
341,Balsas,BR,2022-09-30 18:31:38,-7.5325,-46.0356,102.45,15,83,8.7
342,Bardstown,US,2022-09-30 18:31:38,37.8092,-85.4669,73.0,41,0,12.66
343,Makinsk,KZ,2022-09-30 18:31:39,52.6292,70.4169,25.43,66,3,3.44
344,Guane,CU,2022-09-30 18:31:39,22.2025,-84.0875,87.31,49,94,9.98
345,Oranjestad,AW,2022-09-30 18:28:24,12.524,-70.027,76.95,88,40,8.05
346,Kontagora,NG,2022-09-30 18:31:40,10.3999,5.4695,73.11,90,73,3.31
347,Mount Isa,AU,2022-09-30 18:31:41,-20.7333,139.5,69.57,32,100,6.91
348,Divo,CI,2022-09-30 18:31:41,5.8397,-5.36,72.93,98,98,3.36
349,Balakhninskiy,RU,2022-09-30 18:31:42,58.0106,114.2769,31.89,97,100,3.18
350,Anuradhapura,LK,2022-09-30 18:31:42,8.3565,80.4173,77.77,81,100,13.31
351,Terme,TR,2022-09-30 18:30:29,41.2092,36.9739,66.13,77,0,4.99
352,Kingman,US,2022-09-30 18:31:43,35.1894,-114.053,86.18,34,20,14.97
353,Barra Patuca,HN,2022-09-30 18:31:43,15.8,-84.2833,84.97,64,100,18.32
354,Muborak,UZ,2022-09-30 18:31:44,39.2553,65.1528,67.78,22,85,9.73
355,Plover,US,2022-09-30 18:31:44,44.4564,-89.544,67.08,44,0,5.75
356,Isangel,VU,2022-09-30 18:31:45,-19.55,169.2667,75.31,88,20,2.3
357,Korla,CN,2022-09-30 18:31:45,41.7597,86.1469,63.25,34,99,17.09
358,Abu Samrah,SY,2022-09-30 18:31:46,35.3029,37.1841,80.2,36,0,9.6
359,Carnarvon,AU,2022-09-30 18:31:46,-24.8667,113.6333,68.27,68,0,14.9
360,Anaco,VE,2022-09-30 18:32:47,9.4389,-64.4728,80.31,82,99,3.71
361,Vanimo,PG,2022-09-30 18:32:47,-2.6741,141.3028,76.48,89,68,4.7
362,Killybegs,IE,2022-09-30 18:32:48,54.6333,-8.45,53.31,82,93,22.46
363,Helmsdale,GB,2022-09-30 18:32:48,58.1168,-3.6517,51.75,81,22,20.51
364,Zhicheng,CN,2022-09-30 18:32:49,30.2956,111.5047,78.04,61,10,1.39
365,Chengde,CN,2022-09-30 18:32:49,40.9725,117.9361,62.17,68,100,1.07
366,Petropavlovsk-Kamchatskiy,RU,2022-09-30 18:31:35,53.0452,158.6483,37.99,100,75,2.24
367,Shitanjing,CN,2022-09-30 18:32:50,39.2342,106.3439,64.42,54,97,8.37
368,Yichang,CN,2022-09-30 18:32:50,30.7144,111.2847,77.49,64,6,2.21
369,Kieta,PG,2022-09-30 18:32:51,-6.2167,155.6333,77.81,86,16,5.82
370,La Asuncion,VE,2022-09-30 18:32:51,11.0333,-63.8628,85.59,68,23,6.42
371,Presidencia Roque Saenz Pena,AR,2022-09-30 18:32:52,-26.7852,-60.4388,84.38,22,0,7.11
372,Mumford,GH,2022-09-30 18:32:52,5.2618,-0.759,76.37,89,18,11.52
373,Alihe,CN,2022-09-30 18:32:54,50.5667,123.7167,29.66,91,66,1.3
374,Salalah,OM,2022-09-30 18:33:00,17.0151,54.0924,80.69,89,75,5.75
375,Semporna,MY,2022-09-30 18:33:00,4.4818,118.6112,79.81,79,49,2.24
376,Arrecife,ES,2022-09-30 18:33:01,28.963,-13.5477,75.18,64,40,20.71
377,Moengo,SR,2022-09-30 18:33:02,5.6167,-54.4,91.78,45,23,8.79
378,Waipawa,NZ,2022-09-30 18:33:03,-41.4122,175.5153,45.63,73,100,11.9
379,Seoul,KR,2022-09-30 18:29:11,37.5683,126.9778,60.4,97,0,3.44
380,Komsomolskiy,UZ,2022-09-30 18:33:04,40.4272,71.7189,66.92,26,98,4.61
381,Waingapu,ID,2022-09-30 18:33:04,-9.6567,120.2641,79.32,81,100,3.6
382,Camana,PE,2022-09-30 18:33:05,-16.6228,-72.7111,65.44,66,100,10.25
383,Udachnyy,RU,2022-09-30 18:33:05,66.4167,112.4,14.22,98,93,4.27
384,Shingu,JP,2022-09-30 18:33:05,33.7333,135.9833,67.71,83,4,5.73
385,Puqi,CN,2022-09-30 18:33:06,29.7167,113.8833,79.61,57,7,3.89
386,Port Blair,IN,2022-09-30 18:33:07,11.6667,92.75,78.84,89,75,5.75
387,Port Hedland,AU,2022-09-30 18:33:07,-20.3167,118.5667,68.05,83,40,5.75
388,Tias,ES,2022-09-30 18:33:08,28.9611,-13.645,73.08,64,40,20.71
389,Huarmey,PE,2022-09-30 18:33:09,-10.0681,-78.1522,67.05,72,84,10.87
390,Longyearbyen,SJ,2022-09-30 18:33:11,78.2186,15.6401,39.04,93,100,5.75
391,Rudnaya Pristan,RU,2022-09-30 18:33:12,44.3614,135.8116,59.72,74,49,5.41
392,Savonlinna,FI,2022-09-30 18:33:12,61.8699,28.88,42.85,100,100,2.3
393,Loviisa,FI,2022-09-30 18:33:12,60.4566,26.2251,43.29,88,66,6.8
394,Porbandar,IN,2022-09-30 18:31:28,21.6422,69.6093,80.6,70,1,9.17
395,Bukachacha,RU,2022-09-30 18:33:13,52.9833,116.9167,32.67,75,100,2.42
396,Togul,RU,2022-09-30 18:33:20,53.465,85.9128,29.93,87,100,4.83
397,Oyama,JP,2022-09-30 18:33:20,36.3,139.8,72.59,75,0,4.05
398,Panguna,PG,2022-09-30 18:33:21,-6.3164,155.4848,66.99,95,5,2.55
399,Linhares,BR,2022-09-30 18:28:33,-19.3911,-40.0722,72.93,70,99,10.76
400,Bah,IN,2022-09-30 18:33:21,26.87,78.5975,80.73,57,0,1.54
401,Minab,IR,2022-09-30 18:33:22,27.1467,57.0801,84.49,69,5,3.4
402,Deputatskiy,RU,2022-09-30 18:33:23,69.3,139.9,6.53,97,100,2.26
403,Nuuk,GL,2022-09-30 18:34:24,64.1835,-51.7216,36.21,80,40,5.75
404,Mazatan,MX,2022-09-30 18:34:24,14.8667,-92.45,89.67,70,20,5.75
405,Hervey Bay,AU,2022-09-30 18:34:25,-25.2986,152.8535,60.03,87,49,14.0
406,Beyneu,KZ,2022-09-30 18:34:25,45.3167,55.2,59.81,38,2,17.67
407,Hasaki,JP,2022-09-30 18:34:26,35.7333,140.8333,68.4,70,88,14.32
408,Samana,DO,2022-09-30 18:34:26,19.2056,-69.3369,91.62,62,40,9.22
409,Talakan,RU,2022-09-30 18:34:27,50.3167,130.3667,35.53,89,11,4.7
410,Kiruna,SE,2022-09-30 18:34:27,67.8557,20.2251,31.12,74,75,0.0
411,Auki,SB,2022-09-30 18:34:28,-8.7676,160.7034,76.42,89,19,4.34
412,Qasigiannguit,GL,2022-09-30 18:34:28,68.8193,-51.1922,35.85,99,100,1.54
413,Kupino,RU,2022-09-30 18:34:29,54.3663,77.2981,33.12,79,89,7.4
414,Basco,PH,2022-09-30 18:34:29,20.4487,121.9702,83.61,78,21,16.26
415,Matagami,CA,2022-09-30 18:34:29,49.7502,-77.6328,64.51,45,75,11.5
416,Baykit,RU,2022-09-30 18:34:30,61.67,96.37,26.6,77,28,3.04
417,Vardo,NO,2022-09-30 18:34:30,70.3705,31.1107,42.78,75,75,17.27
418,Flinders,AU,2022-09-30 18:34:31,-34.5833,150.8552,55.18,89,100,1.99
419,Alice Springs,AU,2022-09-30 18:30:12,-23.7,133.8833,62.22,34,100,5.75
420,Camajuani,CU,2022-09-30 18:34:32,22.4833,-79.75,87.94,55,75,8.05
421,Bratsk,RU,2022-09-30 18:34:32,56.1325,101.6142,28.89,93,100,9.93
422,Bilma,NE,2022-09-30 18:34:32,18.6853,12.9164,94.55,25,7,6.49
423,Srednyaya Akhtuba,RU,2022-09-30 18:34:33,48.7089,44.8667,60.46,57,89,4.32
424,Rockport,US,2022-09-30 18:34:33,28.0206,-97.0544,87.82,59,0,8.05
425,Kankaanpaa,FI,2022-09-30 18:34:34,61.8,22.4167,39.96,93,98,3.47
426,Progreso,MX,2022-09-30 18:34:34,21.2833,-89.6667,86.11,53,88,11.39
427,Itarema,BR,2022-09-30 18:31:25,-2.9248,-39.9167,82.92,64,38,18.79
428,Beringovskiy,RU,2022-09-30 18:34:35,63.05,179.3167,39.97,83,100,24.49
429,Port Augusta,AU,2022-09-30 18:34:35,-32.5,137.7667,51.73,70,0,5.53
430,Sorland,NO,2022-09-30 18:34:36,67.667,12.6934,48.06,60,11,13.13
431,Alta Floresta,BR,2022-09-30 18:34:36,-9.8756,-56.0861,94.82,43,40,3.44
432,Klamath Falls,US,2022-09-30 18:32:37,42.2249,-121.7817,65.88,52,0,10.36
433,Inyonga,TZ,2022-09-30 18:34:37,-6.7167,32.0667,75.22,38,94,3.69
434,Xuzhou,CN,2022-09-30 18:34:38,34.1805,117.1571,72.23,79,100,5.66
435,Kampot,KH,2022-09-30 18:34:38,10.6167,104.1833,82.45,85,100,5.61
436,San Andres,CO,2022-09-30 18:34:39,12.5847,-81.7006,78.82,94,40,0.0
437,Uglyanets,RU,2022-09-30 18:34:39,51.8191,39.5961,60.89,85,91,7.31
438,Rantauprapat,ID,2022-09-30 18:34:39,2.1,99.8333,74.32,99,100,0.07
439,Tursunzoda,TJ,2022-09-30 18:34:40,38.5144,68.2333,73.99,26,100,4.65
440,Koumac,NC,2022-09-30 18:34:40,-20.5667,164.2833,72.5,76,97,10.0
441,Port-Gentil,GA,2022-09-30 18:34:40,-0.7193,8.7815,78.76,83,75,11.5
442,Tomigusuku,JP,2022-09-30 18:34:41,26.185,127.675,80.37,83,0,1.14
443,Koungou,YT,2022-09-30 18:34:41,-12.7336,45.2042,73.11,83,0,5.75
444,Kemijarvi,FI,2022-09-30 18:34:42,66.7131,27.4306,34.99,96,100,2.57
445,Turukhansk,RU,2022-09-30 18:34:42,65.8167,87.9833,31.48,81,100,10.42
446,Mareeba,AU,2022-09-30 18:34:43,-17.0,145.4333,65.12,90,1,2.37
447,Bagru,IN,2022-09-30 18:34:43,26.8088,75.5423,84.54,49,0,7.47
448,Dongkan,CN,2022-09-30 18:34:44,33.9997,119.8308,68.67,92,100,5.5
449,Bambous Virieux,MU,2022-09-30 18:31:13,-20.3428,57.7575,70.05,78,40,4.61
450,Nortelandia,BR,2022-09-30 18:35:44,-14.4547,-56.8028,87.73,47,58,4.0
451,Tomatlan,MX,2022-09-30 18:35:45,19.9333,-105.25,88.74,59,80,6.98
452,Luchegorsk,RU,2022-09-30 18:35:45,46.4764,134.2569,58.15,94,100,6.76
453,Yokadouma,CM,2022-09-30 18:35:46,3.5167,15.05,69.24,97,7,2.37
454,Merauke,ID,2022-09-30 18:35:46,-8.4667,140.3333,77.92,91,100,11.36
455,Lagoa,PT,2022-09-30 18:35:46,39.05,-27.9833,68.7,65,10,5.17
456,Santa Cruz Cabralia,BR,2022-09-30 18:35:47,-16.2781,-39.0247,79.03,73,75,9.22
457,Banjar,ID,2022-09-30 18:35:47,-8.19,114.9675,77.11,90,100,2.66
458,Clevelandia,BR,2022-09-30 18:35:48,-26.3958,-52.4708,60.31,94,100,6.13
459,Chifeng,CN,2022-09-30 18:35:48,42.2683,118.9636,58.35,52,100,7.18
460,Raga,SS,2022-09-30 18:35:49,8.4596,25.678,72.54,87,53,1.66
461,Hefei,CN,2022-09-30 18:33:28,31.8639,117.2808,75.22,83,64,4.47
462,Monrovia,LR,2022-09-30 18:35:49,6.3005,-10.7969,80.37,84,100,6.06
463,Paihia,NZ,2022-09-30 18:31:14,-35.2822,174.0912,63.32,97,100,13.18
464,Sena Madureira,BR,2022-09-30 18:35:50,-9.0656,-68.6569,90.81,40,99,4.59
465,Raudeberg,NO,2022-09-30 18:35:50,61.9875,5.1352,56.86,45,100,7.16
466,Nogales,MX,2022-09-30 18:35:51,31.3086,-110.9422,78.24,50,0,9.22
467,Great Yarmouth,GB,2022-09-30 18:35:51,52.6083,1.7305,55.65,89,100,31.5
468,Bowen,AU,2022-09-30 18:35:52,-20.0167,148.2333,64.33,73,91,5.46
469,Zhigansk,RU,2022-09-30 18:35:52,66.7697,123.3711,26.2,90,100,2.13
470,Noumea,NC,2022-09-30 18:35:53,-22.2763,166.4572,67.98,83,100,9.26
471,Mabaruma,GY,2022-09-30 18:35:53,8.2,-59.7833,88.66,60,98,5.12
472,Sayan,PE,2022-09-30 18:35:53,-11.1361,-77.1933,77.09,43,46,10.83
473,Along,IN,2022-09-30 18:35:54,28.1667,94.7667,72.45,92,71,1.86
474,Krasnoselkup,RU,2022-09-30 18:35:54,65.7,82.4667,32.16,80,100,8.01
475,Shihezi,CN,2022-09-30 18:35:56,44.3,86.0333,38.57,96,100,4.21
476,Tekeli,KZ,2022-09-30 18:35:56,44.83,78.8239,31.78,47,64,1.97
477,Yulara,AU,2022-09-30 18:35:56,-25.2406,130.9889,66.22,29,100,5.93
478,Honiara,SB,2022-09-30 18:35:57,-9.4333,159.95,76.14,89,42,6.08
479,Bonthe,SL,2022-09-30 18:35:57,7.5264,-12.505,75.96,89,100,5.08
480,Constitucion,CL,2022-09-30 18:32:36,-35.3333,-72.4167,60.6,74,100,10.78
481,Kropotkin,RU,2022-09-30 18:35:58,45.4375,40.5756,69.57,46,0,4.34
482,Geilo,NO,2022-09-30 18:35:58,60.5333,8.2076,43.39,77,100,7.07
483,San Quintin,MX,2022-09-30 18:35:59,30.4833,-115.95,74.59,72,1,12.75
484,Verkhnevilyuysk,RU,2022-09-30 18:35:59,63.4453,120.3167,22.46,78,97,2.8
485,Olinda,BR,2022-09-30 18:32:54,-8.0089,-34.8553,82.13,65,40,14.97
486,Rognan,NO,2022-09-30 18:36:00,67.0953,15.3878,45.88,76,17,7.7
487,Usinsk,RU,2022-09-30 18:36:00,65.9939,57.5281,33.94,59,100,16.24
488,Joshimath,IN,2022-09-30 18:36:00,30.5667,79.5667,62.06,76,43,2.26
489,Antofagasta,CL,2022-09-30 18:31:14,-23.65,-70.4,60.08,68,22,9.28
490,Arman,RU,2022-09-30 18:36:01,59.7,150.1667,31.26,67,6,8.97
491,Tocopilla,CL,2022-09-30 18:36:01,-22.092,-70.1979,65.23,63,17,9.15
492,Necochea,AR,2022-09-30 18:36:02,-38.5473,-58.7368,65.71,43,3,7.61
493,Neuquen,AR,2022-09-30 18:36:02,-38.9516,-68.0591,76.89,13,0,10.36
494,Maridi,SS,2022-09-30 18:36:03,4.9158,29.4742,66.92,96,100,4.45
495,Muswellbrook,AU,2022-09-30 18:31:50,-32.2667,150.9,47.32,97,84,4.27
496,Bristol,US,2022-09-30 18:31:05,41.8334,-71.1662,64.62,67,100,3.0
497,Iquitos,PE,2022-09-30 18:36:03,-3.7481,-73.2472,87.84,66,40,9.22
498,Salta,AR,2022-09-30 18:37:04,-24.7859,-65.4117,74.57,33,20,5.99
499,Mehamn,NO,2022-09-30 18:37:05,71.0357,27.8492,40.91,70,0,6.91
500,Margate,GB,2022-09-30 18:33:50,51.3813,1.3862,57.69,92,100,8.99
501,Pantai Remis,MY,2022-09-30 18:37:05,4.4557,100.6288,77.02,92,100,10.69
502,Labytnangi,RU,2022-09-30 18:37:06,66.6572,66.4183,26.64,76,100,6.82
503,San Carlos De Bariloche,AR,2022-09-30 18:36:33,-41.1456,-71.3082,59.25,38,40,13.8
504,Sawtell,AU,2022-09-30 18:37:06,-30.3833,153.1,61.18,94,75,16.11
505,Kjollefjord,NO,2022-09-30 18:33:50,70.9457,27.3465,42.85,70,0,6.91
506,Macapa,BR,2022-09-30 18:37:07,0.0389,-51.0664,94.98,55,75,12.66
507,Namatanai,PG,2022-09-30 18:37:08,-3.6667,152.4333,78.67,79,34,5.37
508,Mirnyy,RU,2022-09-30 18:37:08,62.5353,113.9611,17.24,92,100,1.99
509,Rassvet,RU,2022-09-30 18:37:08,46.8333,40.75,67.26,49,5,3.62
510,Kolosovka,RU,2022-09-30 18:37:09,56.4678,73.611,27.18,73,9,5.84
511,Kanke,IN,2022-09-30 18:37:09,23.4333,85.3167,75.22,94,75,0.0
512,Stavrovo,RU,2022-09-30 18:37:11,56.1331,40.013,55.26,94,100,8.5
513,Kokoda,PG,2022-09-30 18:37:11,-8.8785,147.7407,71.82,93,16,0.87
514,Juarez,MX,2022-09-30 18:32:47,31.7333,-106.4833,82.83,29,75,5.75
515,Mikkeli,FI,2022-09-30 18:37:12,61.6886,27.2723,42.91,93,20,1.14
516,Kanigiri,IN,2022-09-30 18:37:12,15.4,79.5167,75.15,93,100,7.76
517,Nikolsk,RU,2022-09-30 18:37:13,53.7189,46.0712,55.15,93,100,5.86
518,Ocampo,MX,2022-09-30 18:37:13,21.65,-101.5,68.68,24,0,10.02
519,Ukiah,US,2022-09-30 18:37:14,39.1502,-123.2078,85.66,41,0,3.44
520,Champoton,MX,2022-09-30 18:37:14,19.35,-90.7167,82.6,55,73,10.2
521,Valley City,US,2022-09-30 18:37:14,46.9233,-98.0032,66.72,48,0,8.05
522,Ancud,CL,2022-09-30 18:37:15,-41.8697,-73.8203,51.75,78,73,6.31
523,Luwuk,ID,2022-09-30 18:37:15,-0.9516,122.7875,76.41,84,29,1.07
524,Biak,ID,2022-09-30 18:37:16,-0.9131,122.8766,75.2,85,31,0.94
525,Novyye Gorki,RU,2022-09-30 18:37:17,56.7253,41.0601,54.46,89,85,9.26
526,Breznik,BG,2022-09-30 18:37:18,42.7414,22.8981,62.85,64,77,1.66
527,Kloulklubed,PW,2022-09-30 18:37:19,7.0419,134.2556,75.7,73,35,8.84
528,Redmond,US,2022-09-30 18:32:49,47.674,-122.1215,65.66,69,10,5.39
529,Capoterra,IT,2022-09-30 18:37:20,39.1763,8.9718,71.38,68,0,5.75
530,Amapa,BR,2022-09-30 18:37:21,1.0,-52.0,96.37,28,63,5.44
531,Bereda,ES,2022-09-30 18:37:22,43.2686,-7.5406,60.58,90,100,2.19
532,El Alto,PE,2022-09-30 18:37:22,-4.2714,-81.2147,71.26,70,19,22.17
533,Srandakan,ID,2022-09-30 18:37:23,-7.9386,110.2506,77.2,89,100,6.11
534,Podporozhye,RU,2022-09-30 18:37:23,60.9112,34.1706,44.67,96,99,6.31
535,Petrolina,BR,2022-09-30 18:37:23,-9.3986,-40.5008,96.85,16,0,11.5
536,Dinajpur,BD,2022-09-30 18:37:24,25.6272,88.6386,81.3,75,6,1.34
537,Qarqin,AF,2022-09-30 18:37:25,37.4185,66.0436,73.18,20,15,12.1
538,Mount Gambier,AU,2022-09-30 18:37:25,-37.8333,140.7667,44.06,93,0,5.32
539,Kalaleh,IR,2022-09-30 18:37:25,37.3807,55.4916,73.0,78,100,6.91
540,Sotnikovo,RU,2022-09-30 18:37:26,51.8845,107.4791,37.04,93,100,7.0
541,Iralaya,HN,2022-09-30 18:38:26,15.0,-83.2333,86.11,63,100,17.87
542,Eureka,US,2022-09-30 18:34:27,40.8021,-124.1637,71.2,51,0,6.15
543,Oranjemund,NA,2022-09-30 18:38:27,-28.55,16.4333,56.59,85,70,15.46
544,Bodden Town,KY,2022-09-30 18:38:27,19.2833,-81.25,87.01,62,20,10.36
545,Salinas,US,2022-09-30 18:35:57,36.6777,-121.6555,85.57,62,0,5.75
546,North Platte,US,2022-09-30 18:37:29,41.1239,-100.7654,73.29,40,0,8.05
547,Sidlaghatta,IN,2022-09-30 18:38:28,13.3881,77.8628,68.09,93,100,13.29
548,Laguna,US,2022-09-30 18:38:28,38.421,-121.4238,87.31,44,0,6.91
549,Knysna,ZA,2022-09-30 18:38:29,-34.0363,23.0471,60.15,91,56,10.0
550,Berlevag,NO,2022-09-30 18:38:29,70.8578,29.0864,40.95,75,75,11.5
551,Igarka,RU,2022-09-30 18:38:30,67.4667,86.5833,31.51,86,100,9.01
552,Tyrma,RU,2022-09-30 18:38:30,50.0833,132.1667,35.29,93,11,3.78
553,Alabaster,US,2022-09-30 18:38:30,33.2443,-86.8164,80.64,43,0,11.5
554,Veraval,IN,2022-09-30 18:38:31,20.9,70.3667,80.01,74,85,10.13
555,Santiago Del Estero,AR,2022-09-30 18:38:31,-27.7951,-64.2615,81.84,22,0,3.4
556,Ekhabi,RU,2022-09-30 18:38:32,53.5102,142.9671,39.47,69,100,9.13
557,Yatou,CN,2022-09-30 18:38:32,37.15,122.3833,63.41,85,89,5.46
558,Saint John,CA,2022-09-30 18:35:12,45.2727,-66.0677,61.83,44,20,3.44
559,Dong Hoi,VN,2022-09-30 18:38:33,17.4833,106.6,78.03,89,100,1.86
560,Svetlogorsk,BY,2022-09-30 18:38:33,52.6333,29.7333,54.21,85,100,2.86
561,Sayyan,YE,2022-09-30 18:38:34,15.1718,44.3244,63.72,23,1,2.77
562,Carauari,BR,2022-09-30 18:38:34,-4.8828,-66.8958,88.99,53,100,2.95
563,Naze,JP,2022-09-30 18:38:35,28.3667,129.4833,70.72,74,8,6.76
564,Banda Aceh,ID,2022-09-30 18:38:35,5.5577,95.3222,78.58,85,86,12.82
565,Sao Jose Da Coroa Grande,BR,2022-09-30 18:38:35,-8.8978,-35.1478,78.8,69,70,10.87
566,Demba,CD,2022-09-30 18:38:36,-5.51,22.2667,68.97,87,21,1.3
567,At-Bashi,KG,2022-09-30 18:38:36,41.1702,75.8106,47.93,49,98,3.2
568,Pitimbu,BR,2022-09-30 18:38:37,-7.4706,-34.8086,84.79,71,80,15.82
569,Gravdal,NO,2022-09-30 18:38:37,68.1214,13.5031,37.29,87,0,3.44
570,Marovoay,MG,2022-09-30 18:38:37,-16.1,46.6333,72.88,61,0,3.74
571,Calawag,PH,2022-09-30 18:38:38,10.6697,119.5707,77.43,88,100,2.28
572,Leninskoye,KZ,2022-09-30 18:38:38,41.7589,69.3864,62.13,27,100,0.69
573,Bandarbeyla,SO,2022-09-30 18:38:39,9.4942,50.8122,78.87,78,100,19.91
574,Saint Marys,US,2022-09-30 18:38:39,30.7305,-81.5465,74.01,67,100,12.66
575,Chokurdakh,RU,2022-09-30 18:38:40,70.6333,147.9167,19.8,90,67,4.9
576,Pontianak,ID,2022-09-30 18:38:40,-0.0333,109.3333,75.18,100,100,1.14
577,Cotoca,BO,2022-09-30 18:38:40,-17.8167,-63.05,84.65,34,86,13.8
578,Rondonopolis,BR,2022-09-30 18:38:41,-16.4708,-54.6356,94.42,33,55,7.31
579,Los Llanos De Aridane,ES,2022-09-30 18:38:41,28.6585,-17.9182,72.12,73,75,14.97
580,Bairiki,KI,2022-09-30 18:38:42,1.3292,172.9752,80.6,78,20,12.66
581,Tromso,NO,2022-09-30 18:34:57,69.6496,18.957,39.38,75,0,2.3
582,Portland,US,2022-09-30 18:30:45,45.5234,-122.6762,63.9,82,100,4.61
583,Yenagoa,NG,2022-09-30 18:38:42,4.9247,6.2642,75.79,92,100,4.65
584,Pringsewu,ID,2022-09-30 18:38:43,-5.3582,104.9744,72.99,96,82,0.92
